{
  "project_info": {
    "project_number": "380743879956",
    "project_id": "hospitalapp-8b385",
    "storage_bucket": "hospitalapp-8b385.appspot.com"
  },
  "client": [
    {
      "client_info": {
        "mobilesdk_app_id": "1:380743879956:android:f0d7b1897b8a8041a84601",
        "android_client_info": {
          "package_name": "com.scout.hospitalapp"
        }
      },
      "oauth_client": [
        {
          "client_id": "380743879956-1f8d376tehqoo3v4s02pq3v259ds0afn.apps.googleusercontent.com",
          "client_type": 3
        }
      ],
      "api_key": [
        {
          "current_key": "AIzaSyBKnOR5__F_dZLD98RhuXkmBpm3qjideuk"
        }
      ],
      "services": {
        "appinvite_service": {
          "other_platform_oauth_client": [
            {
              "client_id": "380743879956-1f8d376tehqoo3v4s02pq3v259ds0afn.apps.googleusercontent.com",
              "client_type": 3
            }
          ]
        }
      }
    }
  ],
  "configuration_version": "1"
}